StartDate,EndDate,Status,IPAddress,Progress,Duration (in seconds),Finished,RecordedDate,ResponseId,RecipientLastName,RecipientFirstName,RecipientEmail,ExternalReference,LocationLatitude,LocationLongitude,DistributionChannel,UserLanguage,Q1,Q2,Q3,Q4,Q5_1,Q5_2,Q5_3,Q5_4,Q5_5,Q5_6,Q5_7,Q5_8,Q6,Q7_1,Q8,Q9_1,Q9_2,Q9_3,Q9_4,Q9_5,Q10,Q11,Q12,Q13,Q14_1,Q15
Start Date,End Date,Response Type,IP Address,Progress,Duration (in seconds),Finished,Recorded Date,Response ID,Recipient Last Name,Recipient First Name,Recipient Email,External Data Reference,Location Latitude,Location Longitude,Distribution Channel,User Language,Gender,Age,Income,Exercise,BeverageTypePreference - Coffee,BeverageTypePreference - Tea,BeverageTypePreference - Soda,BeverageTypePreference - Milk,BeverageTypePreference - Juice,BeverageTypePreference - Energy Drinks,BeverageTypePreference - Sparkling Water,BeverageTypePreference - Alcohol,PurchaseLocation,IngredientsQuality - Quality of Ingredients,Consumption,Attributes - Taste,Attributes - Brand Reputation,Attributes - Health Benefit,Attributes - Caffeine Content,Attributes - Price,Platforms,Units,Purpose,MottoPrice,MottoLikelihood - Likelihood of Switching,MottoFlavor
"{""ImportId"":""startDate"",""timeZone"":""America/Denver""}","{""ImportId"":""endDate"",""timeZone"":""America/Denver""}","{""ImportId"":""status""}","{""ImportId"":""ipAddress""}","{""ImportId"":""progress""}","{""ImportId"":""duration""}","{""ImportId"":""finished""}","{""ImportId"":""recordedDate"",""timeZone"":""America/Denver""}","{""ImportId"":""_recordId""}","{""ImportId"":""recipientLastName""}","{""ImportId"":""recipientFirstName""}","{""ImportId"":""recipientEmail""}","{""ImportId"":""externalDataReference""}","{""ImportId"":""locationLatitude""}","{""ImportId"":""locationLongitude""}","{""ImportId"":""distributionChannel""}","{""ImportId"":""userLanguage""}","{""ImportId"":""QID20""}","{""ImportId"":""QID21_TEXT""}","{""ImportId"":""QID23""}","{""ImportId"":""QID24""}","{""ImportId"":""QID25_4""}","{""ImportId"":""QID25_5""}","{""ImportId"":""QID25_6""}","{""ImportId"":""QID25_7""}","{""ImportId"":""QID25_8""}","{""ImportId"":""QID25_9""}","{""ImportId"":""QID25_10""}","{""ImportId"":""QID25_11""}","{""ImportId"":""QID26""}","{""ImportId"":""QID27_113""}","{""ImportId"":""QID28_TEXT""}","{""ImportId"":""QID29_1""}","{""ImportId"":""QID29_2""}","{""ImportId"":""QID29_3""}","{""ImportId"":""QID29_10""}","{""ImportId"":""QID29_11""}","{""ImportId"":""QID30""}","{""ImportId"":""QID31""}","{""ImportId"":""QID32""}","{""ImportId"":""QID42_TEXT""}","{""ImportId"":""QID33_1""}","{""ImportId"":""QID34""}"
2023-04-15 13:21:28,2023-04-15 13:23:49,IP Address,174.196.202.163,100,141,True,2023-04-15 13:23:49,R_UEENeM2ghM5uKK5,,,,,42.3498,-71.0765,qr,EN,Male,24,"> $150,000 USD",4-6,4,5,1,1,2,1,5,1,Convenience Stores,5,2,4,4,5,3,0,In-Store Ads,Per Unit,Refreshment,4,7,Matcha
2023-04-15 13:24:16,2023-04-15 13:27:24,IP Address,107.77.225.125,100,187,True,2023-04-15 13:27:25,R_AzdTD7ACCdSVCTv,,,,,40.6221,-73.981,qr,EN,Male,23,"$50,000 to $100,000 USD",1-3,2,1,5,3,4,2,2,2,Restaurants/Cafes,4,1,5,1,0,1,3,Word of Mouth,Bulk,Refreshment,0,0,Rooibos
2023-04-15 13:24:08,2023-04-15 13:28:14,IP Address,185.216.201.85,100,246,True,2023-04-15 13:28:15,R_2642Y0EiU2ABVzi,,,,,40.7123,-74.0068,qr,EN,Male,24,"$100,000 to $150,000 USD",1-3,2,3,4,1,4,3,3,3,Restaurants/Cafes,3,0,4,3,4,4,4,Word of Mouth,Per Unit,Refreshment,2,8,Matcha
2023-04-15 14:44:44,2023-04-15 14:46:59,IP Address,128.197.29.237,100,135,True,2023-04-15 14:47:00,R_1ONMulo6dpFaq04,,,,,42.3464,-71.0975,qr,EN,Male,26,"< $50,000 USD",0,2,4,1,5,2,5,5,5,Online,4,2,4,1,5,5,1,Instagram,Per Unit,Increased Focus,6,7,Matcha
2023-04-15 18:47:19,2023-04-15 18:52:00,IP Address,71.233.191.13,100,280,True,2023-04-15 18:52:00,R_1lo8HoT9csBWOxP,,,,,42.3649,-71.0987,qr,EN,Female,24,"$100,000 to $150,000 USD",1-3,2,3,1,2,3,1,5,5,Convenience Stores,5,1,4,1,5,5,3,Word of Mouth,Per Unit,Increased Focus,6.5,7,Matcha
2023-04-15 20:17:09,2023-04-15 20:23:01,IP Address,204.8.153.51,100,352,True,2023-04-15 20:23:02,R_2CkqLSHBz13YrE6,,,,,42.3464,-71.0975,qr,EN,Female,23,"$50,000 to $100,000 USD",0,5,1,2,2,2,1,1,3,Supermarkets,3,1,3,3,3,3,3,Word of Mouth,Per Unit,Refreshment,1.2,3,Matcha
2023-04-16 14:08:50,2023-04-16 14:12:47,IP Address,128.197.29.255,100,237,True,2023-04-16 14:12:48,R_1gnps0oCxirtcws,,,,,42.3464,-71.0975,qr,EN,Male,20,"$100,000 to $150,000 USD",1-3,3,4,4,3,4,4,2,3,Online,3,1-2,5,1,3,3,4,In-Store Ads,Bulk,Dining Compliments,2.75,1,Rooibos
2023-04-16 14:13:23,2023-04-16 14:16:52,IP Address,128.197.29.232,100,209,True,2023-04-16 14:16:53,R_2qgWYgIZBsTNwrC,,,,,42.3464,-71.0975,qr,EN,Female,26,"< $50,000 USD",1-3,5,5,1,5,1,1,5,5,Supermarkets,4,3,4,1,4,4,4,Word of Mouth,Per Unit,Refreshment,2,6,Matcha
2023-04-10 17:05:04,2023-04-10 17:05:18,IP Address,128.197.29.225,27,13,False,2023-04-17 17:05:22,R_31HL3P6iG2OqdZg,,,,,,,qr,EN,Female,19,"$100,000 to $150,000 USD",1-3,,,,,,,,,,,,,,,,,,,,,,
2023-04-18 09:36:58,2023-04-18 09:41:11,IP Address,174.168.180.88,100,253,True,2023-04-18 09:41:12,R_2Sc2mCnFlmf6DxM,,,,,42.364,-71.0265,qr,EN,Male,22,"$50,000 to $100,000 USD",4-6,5,3,3,3,3,3,3,4,Convenience Stores,3,2,3,3,3,5,4,In-Store Ads,Per Unit,Increased Focus,3.5,8,Matcha
2023-04-18 10:11:44,2023-04-18 10:16:21,IP Address,128.197.29.249,100,276,True,2023-04-18 10:16:21,R_77hZuFGE51vdIBP,,,,,42.3464,-71.0975,qr,EN,Female,19,"> $150,000 USD",0,1,4,3,5,5,2,1,1,Restaurants/Cafes,5,2,5,4,4,4,1,Word of Mouth,Per Unit,Refreshment,4,4,Rooibos
2023-04-18 10:23:29,2023-04-18 10:24:30,IP Address,128.197.29.233,100,61,True,2023-04-18 10:24:31,R_qKRj0hWi8SYLk6R,,,,,42.3464,-71.0975,qr,EN,Female,24,"$50,000 to $100,000 USD",1-3,5,4,5,2,3,2,3,1,Online,4,1,4,1,1,3,4,Instagram,Per Unit,Increased Focus,6.3,8,Matcha
2023-04-18 10:43:06,2023-04-18 10:44:24,IP Address,71.232.45.56,100,77,True,2023-04-18 10:44:25,R_2l3NJuFK6Edoqat,,,,,42.3663,-71.0569,qr,EN,Female,38,"< $50,000 USD",0,3,3,3,3,3,3,3,3,Online,3,1,3,3,3,3,3,Web Ads,Per Unit,Refreshment,4,5,Matcha
2023-04-18 12:10:38,2023-04-18 12:13:45,IP Address,128.197.29.230,100,186,True,2023-04-18 12:13:46,R_2TvYvbkB2kwQWek,,,,,42.3464,-71.0975,qr,EN,Male,18,"$50,000 to $100,000 USD",7+,4,4,1,1,4,1,5,3,Convenience Stores,5,10,5,1,5,4,5,Word of Mouth,Per Unit,Increased Focus,1,8,Matcha
2023-04-18 13:22:56,2023-04-18 13:25:56,IP Address,128.197.29.250,100,179,True,2023-04-18 13:25:56,R_OpXa6OIphf8GiFX,,,,,42.3464,-71.0975,qr,EN,Female,20,"< $50,000 USD",4-6,4,5,1,4,3,1,2,1,Restaurants/Cafes,4,1,5,4,4,4,4,Word of Mouth,Per Unit,Refreshment,3,8,Rooibos
2023-04-18 18:25:18,2023-04-18 18:29:07,IP Address,128.197.29.234,100,229,True,2023-04-18 18:29:08,R_u84OpI005D74FtD,,,,,42.3464,-71.0975,qr,EN,Male,23,"> $150,000 USD",4-6,2,2,4,1,4,2,2,3,Convenience Stores,1,1,5,1,3,0,1,Word of Mouth,Bulk,Refreshment,2,2,Matcha
2023-04-18 18:26:10,2023-04-18 18:29:10,IP Address,128.197.29.240,100,179,True,2023-04-18 18:29:10,R_22wOUAvfKSqxjhD,,,,,42.3464,-71.0975,qr,EN,Female,21,"< $50,000 USD",1-3,1,2,1,3,3,2,2,1,Convenience Stores,4,0,5,1,4,3,4,Word of Mouth,Per Unit,Refreshment,2,7,Rooibos
2023-04-18 18:40:19,2023-04-18 18:43:36,IP Address,128.197.29.243,100,197,True,2023-04-18 18:43:37,R_1CHDz1iVzGmU7Sl,,,,,42.3464,-71.0975,qr,EN,Male,18,"$50,000 to $100,000 USD",1-3,4,4,3,5,4,1,1,5,Supermarkets,4,4,5,3,4,3,5,Word of Mouth,Per Unit,Dining Compliments,2.50,7,Matcha
2023-04-18 18:39:57,2023-04-18 18:45:12,IP Address,128.197.29.251,100,315,True,2023-04-18 18:45:13,R_3OeNbQy7Ne8rWrt,,,,,42.3464,-71.0975,qr,EN,Male,18,"$100,000 to $150,000 USD",4-6,4,4,5,3,5,3,3,3,Convenience Stores,3,3,5,1,3,3,1,Word of Mouth,Per Unit,Refreshment,4,3,Rooibos
2023-04-18 18:41:39,2023-04-18 18:49:58,IP Address,104.28.39.129,100,499,True,2023-04-18 18:49:59,R_3EgRKpEfKkJP4uY,,,,,40.7123,-74.0068,qr,EN,Male,22,"< $50,000 USD",4-6,5,4,1,5,4,2,3,1,Supermarkets,3,5,4,3,4,5,1,Word of Mouth,Per Unit,Increased Focus,0,5,Matcha
2023-04-18 19:00:30,2023-04-18 19:18:37,IP Address,204.8.153.51,100,1086,True,2023-04-18 19:18:38,R_3gTbU59AnXos2n0,,,,,42.3464,-71.0975,qr,EN,Male,20,"< $50,000 USD",4-6,2,3,2,2,3,1,1,2,Restaurants/Cafes,1,1,5,1,3,0,5,Word of Mouth,Per Unit,Dining Compliments,1,7,Matcha
2023-04-18 20:47:21,2023-04-18 20:51:11,IP Address,128.197.29.224,100,229,True,2023-04-18 20:51:12,R_3iQHG3iy8UgvtNn,,,,,42.3464,-71.0975,qr,EN,Prefer Not to Answer,22,"$50,000 to $100,000 USD",1-3,4,5,2,2,3,1,1,1,Restaurants/Cafes,4,1,5,4,4,1,4,Word of Mouth,Per Unit,Refreshment,7,7,Matcha
2023-04-18 21:25:43,2023-04-18 21:35:05,IP Address,107.77.223.76,100,561,True,2023-04-18 21:35:06,R_2uDwAFengjDjERA,,,,,40.6368,-74.0005,qr,EN,Female,20,"> $150,000 USD",1-3,1,3,1,3,3,2,3,2,Convenience Stores,1,3,5,3,0,0,5,Word of Mouth,Per Unit,Refreshment,$2,8,Rooibos
2023-04-18 23:44:46,2023-04-18 23:47:17,IP Address,128.197.29.240,100,150,True,2023-04-18 23:47:18,R_1lbKCrt1oKN5IyU,,,,,42.3464,-71.0975,qr,EN,Male,22,"> $150,000 USD",1-3,1,5,4,3,3,1,5,2,Convenience Stores,4,2,4,3,3,4,1,In-Store Ads,Per Unit,Refreshment,3,7,Rooibos
2023-04-19 10:00:38,2023-04-19 10:03:44,IP Address,128.197.29.243,100,186,True,2023-04-19 10:03:44,R_W7JRAu4d1236zXH,,,,,42.3464,-71.0975,qr,EN,Male,19,"$100,000 to $150,000 USD",4-6,4,4,3,2,5,3,1,3,Convenience Stores,4,3,5,3,4,4,5,Word of Mouth,Per Unit,Refreshment,$2,6,Matcha
2023-04-12 10:51:23,2023-04-12 10:51:36,IP Address,128.197.29.239,27,12,False,2023-04-19 10:53:39,R_9FTkVJ1U2W3760N,,,,,,,qr,EN,Non-Binary,19,"$50,000 to $100,000 USD",1-3,,,,,,,,,,,,,,,,,,,,,,
2023-04-19 12:03:44,2023-04-19 12:06:09,IP Address,107.77.225.174,100,145,True,2023-04-19 12:06:10,R_2VsWUYVoIlNANy8,,,,,40.6221,-73.981,qr,EN,Female,20,"< $50,000 USD",1-3,1,4,3,2,5,2,5,2,Convenience Stores,3,1,5,1,1,5,5,Word of Mouth,Per Unit,Refreshment,3.50,2,Matcha
2023-04-19 13:09:21,2023-04-19 13:12:14,IP Address,174.242.64.120,100,173,True,2023-04-19 13:12:14,R_3nIDfltc6EMRSVk,,,,,42.3634,-71.0713,qr,EN,Female,23,"$50,000 to $100,000 USD",1-3,1,3,3,2,3,2,2,1,Restaurants/Cafes,3,0,3,1,1,0,3,Instagram,Per Unit,Energy Boost,5.7,7,Matcha
2023-04-19 13:09:16,2023-04-19 13:12:21,IP Address,107.77.223.106,100,185,True,2023-04-19 13:12:22,R_33vz8HcyMNVidJk,,,,,40.6368,-74.0005,qr,EN,Female,29,"> $150,000 USD",1-3,5,4,2,2,2,4,3,1,Convenience Stores,1,4,4,0,3,5,3,Instagram,Per Unit,Energy Boost,4,5,Matcha
2023-04-19 13:09:41,2023-04-19 13:14:30,IP Address,128.197.29.228,100,288,True,2023-04-19 13:14:30,R_20NmN8g6PvWaKg4,,,,,42.3464,-71.0975,qr,EN,Female,19,"$50,000 to $100,000 USD",0,1,4,2,2,5,1,3,2,Restaurants/Cafes,3,2,5,3,1,0,3,TikTok,Per Unit,Refreshment,5?,3,Matcha
2023-04-19 13:09:50,2023-04-19 13:14:36,IP Address,128.197.29.235,100,285,True,2023-04-19 13:14:36,R_qEpFPloztm47OrD,,,,,42.3464,-71.0975,qr,EN,Female,19,"< $50,000 USD",1-3,5,4,2,1,2,1,1,4,Convenience Stores,0,1,5,0,0,5,4,Word of Mouth,Per Unit,Energy Boost,5,6,Matcha
2023-04-19 13:09:59,2023-04-19 13:16:54,IP Address,128.197.29.239,100,414,True,2023-04-19 13:16:54,R_3h4TbNg45Uad6RZ,,,,,42.3464,-71.0975,qr,EN,Female,19,"< $50,000 USD",0,4,4,2,3,3,1,2,1,Restaurants/Cafes,1,2,5,3,3,3,5,Word of Mouth,Per Unit,Refreshment,5,6,Matcha
2023-04-19 13:29:25,2023-04-19 13:31:16,IP Address,128.197.29.250,100,110,True,2023-04-19 13:31:16,R_3n0hJ0HtYam7XmQ,,,,,42.3464,-71.0975,qr,EN,Male,21,"> $150,000 USD",1-3,5,4,2,1,2,1,4,4,Restaurants/Cafes,4,1,4,1,3,4,4,Word of Mouth,Bulk,Energy Boost,2.5,3,Matcha
2023-04-19 13:40:41,2023-04-19 13:44:05,IP Address,128.197.29.224,100,203,True,2023-04-19 13:44:06,R_1dc2CQMbEpYP1gd,,,,,42.3464,-71.0975,qr,EN,Male,21,"$100,000 to $150,000 USD",4-6,1,1,1,2,5,1,1,2,Supermarkets,0,0,3,1,4,0,1,Instagram,Per Unit,Refreshment,I donâ€™t drink soda,0,Matcha
2023-04-19 13:40:44,2023-04-19 13:44:15,IP Address,128.197.29.230,100,210,True,2023-04-19 13:44:15,R_9AlRlQPoLnBLUAN,,,,,42.3464,-71.0975,qr,EN,Female,20,"$100,000 to $150,000 USD",1-3,1,1,1,1,1,1,1,2,Restaurants/Cafes,0,0,5,0,1,0,1,Word of Mouth,Per Unit,Dining Compliments,5,0,Matcha
2023-04-19 13:43:51,2023-04-19 13:46:08,IP Address,128.197.29.240,100,136,True,2023-04-19 13:46:08,R_5uvpaWSxr1xHTwd,,,,,42.3464,-71.0975,qr,EN,Female,19,"$50,000 to $100,000 USD",0,4,3,5,2,2,2,1,2,Convenience Stores,1,2,5,3,4,4,4,Word of Mouth,Per Unit,Refreshment,3,6,Rooibos
2023-04-19 13:43:55,2023-04-19 13:48:13,IP Address,128.197.29.247,100,258,True,2023-04-19 13:48:14,R_29b0OJ6tNjjq87F,,,,,42.3464,-71.0975,qr,EN,Female,20,"$50,000 to $100,000 USD",0,4,4,3,2,5,4,4,2,Convenience Stores,1,3,5,1,1,4,4,Word of Mouth,Per Unit,Increased Focus,3,8,Matcha
2023-04-19 13:47:47,2023-04-19 13:50:18,IP Address,128.197.29.229,100,151,True,2023-04-19 13:50:18,R_OeyhuEmDz8Pxh3r,,,,,42.3464,-71.0975,qr,EN,Female,21,"$50,000 to $100,000 USD",4-6,3,4,3,2,2,2,2,2,Convenience Stores,3,2,5,3,4,4,5,TikTok,Per Unit,Refreshment,3,10,Matcha
2023-04-19 13:47:33,2023-04-19 13:50:33,IP Address,128.197.29.239,100,180,True,2023-04-19 13:50:34,R_2VBDVi40fCIyOog,,,,,42.3464,-71.0975,qr,EN,Female,20,"$50,000 to $100,000 USD",0,5,1,4,1,4,2,1,4,Convenience Stores,1,2,5,1,1,3,4,Word of Mouth,Per Unit,Refreshment,2,3,Rooibos
2023-04-19 13:47:26,2023-04-19 13:50:34,IP Address,128.197.29.239,100,187,True,2023-04-19 13:50:34,R_1GHR2TeN5LXVAaN,,,,,42.3464,-71.0975,qr,EN,Female,20,"< $50,000 USD",1-3,5,4,2,1,4,2,5,2,Convenience Stores,5,1,5,1,5,4,4,Word of Mouth,Per Unit,Refreshment,$4,10,Rooibos
2023-04-19 13:48:25,2023-04-19 13:50:34,IP Address,128.197.29.235,100,128,True,2023-04-19 13:50:35,R_2ykgn8c0XCCcduX,,,,,42.3464,-71.0975,qr,EN,Male,19,"< $50,000 USD",0,4,4,2,1,2,3,2,2,Convenience Stores,4,1,5,4,4,3,4,Word of Mouth,Per Unit,Refreshment,$3,8,Matcha
2023-04-19 13:47:32,2023-04-19 13:50:50,IP Address,128.197.29.250,100,198,True,2023-04-19 13:50:51,R_ZeJIfg0OT7UyYWR,,,,,42.3464,-71.0975,qr,EN,Female,21,"$50,000 to $100,000 USD",1-3,5,3,2,2,3,2,2,1,Convenience Stores,3,2,5,3,4,5,4,Instagram,Per Unit,Energy Boost,$4,2,Matcha
2023-04-19 13:49:05,2023-04-19 13:51:00,IP Address,128.197.29.250,100,114,True,2023-04-19 13:51:01,R_UQ48CzapEbZhCHn,,,,,42.3464,-71.0975,qr,EN,Male,24,"< $50,000 USD",1-3,5,1,1,3,3,4,1,4,Convenience Stores,0,3,4,0,1,0,3,Instagram,Per Unit,Refreshment,4,7,Matcha
2023-04-19 13:49:15,2023-04-19 13:53:41,IP Address,128.197.29.251,100,265,True,2023-04-19 13:53:41,R_2f85NUWjMRkSCOI,,,,,42.3464,-71.0975,qr,EN,Female,19,"$100,000 to $150,000 USD",4-6,1,1,2,1,5,1,2,1,Convenience Stores,1,1,5,3,1,0,3,Word of Mouth,Per Unit,Refreshment,1.75,10,Rooibos
2023-04-19 13:55:59,2023-04-19 13:58:13,IP Address,107.115.17.88,100,134,True,2023-04-19 13:58:14,R_vN4M93isrQZMNK9,,,,,42.3562,-71.0631,qr,EN,Female,21,"< $50,000 USD",1-3,4,4,2,1,4,1,1,4,Convenience Stores,1,1,5,1,1,4,1,Word of Mouth,Per Unit,Energy Boost,3,3,Matcha
2023-04-19 13:58:49,2023-04-19 14:02:43,IP Address,128.197.29.250,100,234,True,2023-04-19 14:02:44,R_2AZnmXI3AVDtvX5,,,,,42.3464,-71.0975,qr,EN,Female,22,"< $50,000 USD",0,5,1,4,3,4,1,1,3,Convenience Stores,5,2-3,5,3,3,5,3,Word of Mouth,Per Unit,Refreshment,3,5,Rooibos
2023-04-19 13:59:47,2023-04-19 14:03:06,IP Address,128.197.29.251,100,198,True,2023-04-19 14:03:06,R_2WxaKjVgG5L7FXc,,,,,42.3464,-71.0975,qr,EN,Female,20,"> $150,000 USD",4-6,4,3,2,3,3,3,3,3,Restaurants/Cafes,4,1,4,4,5,3,5,Word of Mouth,Per Unit,Increased Focus,3.50,7,Matcha
2023-04-19 13:59:35,2023-04-19 14:03:07,IP Address,128.197.29.234,100,212,True,2023-04-19 14:03:07,R_3rY4FUBQ64g9rmq,,,,,42.3464,-71.0975,qr,EN,Female,20,"< $50,000 USD",1-3,5,4,4,3,5,3,3,5,Convenience Stores,4,3,5,5,5,5,5,Instagram,Per Unit,Energy Boost,2.45,6,Matcha
2023-04-19 13:59:58,2023-04-19 14:03:13,IP Address,128.197.29.233,100,195,True,2023-04-19 14:03:14,R_Ail6ymobLOoNW6J,,,,,42.3464,-71.0975,qr,EN,Male,19,"> $150,000 USD",4-6,5,3,2,1,4,2,3,3,Convenience Stores,4,3,5,1,1,4,4,Word of Mouth,Per Unit,Increased Focus,4,8,Rooibos
2023-04-19 14:07:14,2023-04-19 14:09:38,IP Address,128.197.29.226,100,143,True,2023-04-19 14:09:38,R_1mQ1d9e2KZMYoQL,,,,,42.3464,-71.0975,qr,EN,Male,19,"> $150,000 USD",1-3,1,2,4,3,3,5,1,3,Supermarkets,3,1,4,3,1,3,4,Word of Mouth,Bulk,Energy Boost,2.5,3,Matcha
2023-04-19 14:07:08,2023-04-19 14:09:42,IP Address,128.197.29.224,100,153,True,2023-04-19 14:09:43,R_21HRITF4N0kTb4O,,,,,42.3464,-71.0975,qr,EN,Female,18,"$100,000 to $150,000 USD",4-6,2,1,1,2,4,4,1,2,Restaurants/Cafes,1,2,5,1,3,3,4,Word of Mouth,Per Unit,Energy Boost,4,3,Rooibos
2023-04-19 14:07:09,2023-04-19 14:10:27,IP Address,128.197.29.241,100,198,True,2023-04-19 14:10:28,R_WeSeootOI9p9w3v,,,,,42.3464,-71.0975,qr,EN,Male,19,"> $150,000 USD",4-6,2,3,1,1,1,4,1,1,Convenience Stores,3,1,4,1,4,4,3,In-Store Ads,Per Unit,Energy Boost,2 U84-89-0308,6,Matcha
2023-04-19 14:07:56,2023-04-19 14:10:30,IP Address,166.198.21.80,100,153,True,2023-04-19 14:10:31,R_6fDuuQqTp1tu3ZL,,,,,41.5382,-72.8008,qr,EN,Male,20,"> $150,000 USD",4-6,2,4,1,5,5,2,2,2,Convenience Stores,5,2,5,4,5,0,4,Word of Mouth,Bulk,Increased Focus,2,8,Matcha
2023-04-19 14:08:01,2023-04-19 14:10:50,IP Address,172.56.193.104,100,168,True,2023-04-19 14:10:50,R_s53BB06QrfxgAz7,,,,,36.1685,-115.1164,qr,EN,Female,20,"< $50,000 USD",7+,5,4,3,3,3,2,1,4,Convenience Stores,1,2,5,1,3,4,4,Word of Mouth,Bulk,Energy Boost,3,8,Matcha
2023-04-19 14:09:39,2023-04-19 14:11:52,IP Address,128.197.29.241,100,132,True,2023-04-19 14:11:53,R_3JCODzmtbUwXGWY,,,,,42.3464,-71.0975,qr,EN,Female,20,"< $50,000 USD",1-3,1,4,4,1,3,1,1,3,Convenience Stores,1,2,5,1,3,3,4,Word of Mouth,Per Unit,Dining Compliments,2,7,Rooibos
2023-04-19 14:11:02,2023-04-19 14:12:30,IP Address,128.197.29.232,100,87,True,2023-04-19 14:12:30,R_339k3FMILXTbKJW,,,,,42.3464,-71.0975,qr,EN,Female,21,"> $150,000 USD",1-3,4,4,4,2,4,1,4,5,Supermarkets,4,1,5,1,4,4,3,Word of Mouth,Bulk,Refreshment,4,7,Matcha
2023-04-19 14:10:35,2023-04-19 14:12:34,IP Address,128.197.29.226,100,119,True,2023-04-19 14:12:35,R_24CXHL1EInzcd6j,,,,,42.3464,-71.0975,qr,EN,Female,21,"> $150,000 USD",4-6,4,5,1,4,5,1,1,5,Restaurants/Cafes,4,2,5,1,1,1,4,TikTok,Per Unit,Refreshment,5,7,Matcha
2023-04-19 14:08:08,2023-04-19 14:14:05,IP Address,128.197.29.238,100,357,True,2023-04-19 14:14:05,R_3m2z8LcOszQrci6,,,,,42.3464,-71.0975,qr,EN,Female,19,"> $150,000 USD",1-3,4,2,4,1,2,4,1,5,Convenience Stores,4,3,4,3,5,4,5,Word of Mouth,Bulk,Increased Focus,4,10,Matcha
2023-04-19 14:15:05,2023-04-19 14:16:09,IP Address,128.197.29.231,100,63,True,2023-04-19 14:16:09,R_6yxqVP7hSFfJIL7,,,,,42.3464,-71.0975,qr,EN,Male,22,"$100,000 to $150,000 USD",0,1,1,1,1,1,1,1,3,Supermarkets,3,4,3,3,3,3,3,In-Store Ads,Bulk,Increased Focus,3,5,Matcha
2023-04-19 14:19:09,2023-04-19 14:22:29,IP Address,128.197.29.245,100,200,True,2023-04-19 14:22:30,R_2eWDlP53zBKzfbj,,,,,42.3464,-71.0975,qr,EN,Female,20,"$100,000 to $150,000 USD",1-3,5,4,1,1,1,1,3,3,Restaurants/Cafes,4,1,5,5,4,1,1,Instagram,Per Unit,Refreshment,3.5,7,Matcha
2023-04-19 15:28:32,2023-04-19 15:33:32,IP Address,128.197.29.225,100,299,True,2023-04-19 15:33:32,R_3ssjgoqvI7ebq7L,,,,,42.3464,-71.0975,qr,EN,Male,26,"< $50,000 USD",0,2,4,1,5,5,1,1,3,Supermarkets,1,2,5,0,5,0,4,In-Store Ads,Per Unit,Dining Compliments,2,1,Rooibos
2023-04-19 17:35:56,2023-04-19 17:38:16,IP Address,168.122.146.77,100,140,True,2023-04-19 17:38:16,R_2xz7hhjvAoEQm23,,,,,42.3464,-71.0975,qr,EN,Female,29,"< $50,000 USD",1-3,5,4,1,4,2,4,1,4,Restaurants/Cafes,5,1-2,5,3,4,3,4,TikTok,Bulk,Refreshment,3,9,Rooibos
2023-04-19 18:46:36,2023-04-19 18:59:47,IP Address,172.58.221.61,100,791,True,2023-04-19 18:59:49,R_yHYUCtbWTBj4GaZ,,,,,42.3492,-71.0658,qr,EN,Female,20,"> $150,000 USD",1-3,3,4,3,2,5,3,3,3,Convenience Stores,4,3,5,4,4,3,4,TikTok,Per Unit,Refreshment,4,8,Matcha
2023-04-19 19:34:50,2023-04-19 19:50:40,IP Address,128.197.29.236,100,950,True,2023-04-19 19:50:41,R_24jTJYJTXairjNo,,,,,42.3464,-71.0975,qr,EN,Male,20,"< $50,000 USD",4-6,1,4,4,1,4,1,1,3,Convenience Stores,3,2,5,4,3,5,1,Word of Mouth,Bulk,Refreshment,3.50,4,Rooibos
2023-04-20 10:16:44,2023-04-20 10:18:34,IP Address,128.197.29.236,100,109,True,2023-04-20 10:18:34,R_1QMltE4KYnsBkuS,,,,,42.3464,-71.0975,qr,EN,Male,20,"< $50,000 USD",1-3,4,4,2,3,4,4,1,3,Convenience Stores,4,2,5,4,4,4,3,Word of Mouth,Per Unit,Refreshment,3,8,Rooibos
2023-04-20 13:24:39,2023-04-20 13:27:58,IP Address,204.8.153.54,100,198,True,2023-04-20 13:27:58,R_333iAt82cJtjj4W,,,,,42.3464,-71.0975,qr,EN,Female,19,"$100,000 to $150,000 USD",1-3,5,1,2,1,2,3,4,2,Restaurants/Cafes,3,1,5,3,3,3,3,Word of Mouth,Per Unit,Increased Focus,4,4,Rooibos
2023-04-20 13:31:58,2023-04-20 13:34:36,IP Address,128.197.29.244,100,158,True,2023-04-20 13:34:37,R_3QKLyNkdbGnfLJx,,,,,42.3464,-71.0975,qr,EN,Male,21,"> $150,000 USD",1-3,3,1,4,1,5,1,5,5,Convenience Stores,4,6,5,5,4,1,4,TikTok,Bulk,Energy Boost,2.5,7,Rooibos
2023-04-20 13:46:46,2023-04-20 13:49:21,IP Address,128.197.29.228,100,155,True,2023-04-20 13:49:23,R_9SkU02OylFvpFHH,,,,,42.3464,-71.0975,qr,EN,Male,20,"$50,000 to $100,000 USD",1-3,5,2,3,3,4,4,2,4,Convenience Stores,3,5,4,1,1,4,3,Word of Mouth,Per Unit,Energy Boost,4,7,Matcha
2023-04-20 16:21:38,2023-04-20 16:24:07,IP Address,204.8.153.26,100,149,True,2023-04-20 16:24:07,R_2doJR4EEpLZSfao,,,,,42.3464,-71.0975,qr,EN,Female,19,"$50,000 to $100,000 USD",1-3,4,5,2,1,1,1,3,4,Supermarkets,4,3,4,4,5,3,5,Word of Mouth,Per Unit,Refreshment,$2,7,Rooibos
2023-04-20 16:22:00,2023-04-20 16:24:41,IP Address,128.197.29.237,100,160,True,2023-04-20 16:24:41,R_1pFjafvdeNWyvBQ,,,,,42.3464,-71.0975,qr,EN,Male,22,"$50,000 to $100,000 USD",1-3,3,5,3,4,5,2,2,1,Convenience Stores,5,2,5,3,4,3,4,Word of Mouth,Bulk,Refreshment,2.5,8,Matcha
2023-04-20 16:21:25,2023-04-20 16:31:19,IP Address,128.197.29.227,100,594,True,2023-04-20 16:31:20,R_2VmYu2Z0vqbX2zz,,,,,42.3464,-71.0975,qr,EN,Male,18,"> $150,000 USD",4-6,2,3,2,2,1,1,2,2,Convenience Stores,4,2,4,3,4,4,4,Word of Mouth,Per Unit,Refreshment,3,10,Matcha
2023-04-20 18:48:45,2023-04-20 18:50:07,IP Address,128.197.29.254,100,81,True,2023-04-20 18:50:08,R_1rOk2qfmLT4Fiji,,,,,42.3464,-71.0975,qr,EN,Non-Binary,18,"> $150,000 USD",0,1,1,5,1,5,5,1,1,Convenience Stores,5,5,4,4,4,4,4,Word of Mouth,Bulk,Increased Focus,12,10,Matcha
2023-04-20 18:51:05,2023-04-20 18:53:38,IP Address,128.197.29.232,100,153,True,2023-04-20 18:53:39,R_3HADgxHZcqD2VS2,,,,,42.3464,-71.0975,qr,EN,Female,21,"$50,000 to $100,000 USD",1-3,1,5,5,2,5,2,3,3,Convenience Stores,4,2,5,3,3,1,4,Word of Mouth,Per Unit,Refreshment,2,5,Rooibos
2023-04-20 19:55:48,2023-04-20 19:58:58,IP Address,128.197.29.242,100,190,True,2023-04-20 19:58:59,R_2dormVlLBvEWkeR,,,,,42.3464,-71.0975,qr,EN,Male,18,"$50,000 to $100,000 USD",1-3,2,4,4,5,5,1,4,4,Supermarkets,5,1,5,4,5,3,3,Word of Mouth,Bulk,Refreshment,3.5,10,Rooibos
2023-04-20 20:09:55,2023-04-20 20:13:17,IP Address,128.197.29.249,100,202,True,2023-04-20 20:13:18,R_28Sz1YOP8LDWnWb,,,,,42.3464,-71.0975,qr,EN,Female,25,"$100,000 to $150,000 USD",1-3,5,4,5,4,4,1,1,3,Convenience Stores,1,3,5,3,1,4,1,Word of Mouth,Bulk,Refreshment,3,2,Rooibos
2023-04-20 20:00:47,2023-04-20 20:16:47,IP Address,128.197.29.229,100,960,True,2023-04-20 20:16:48,R_Uu8HgOihB5EWCgV,,,,,42.3464,-71.0975,qr,EN,Male,21,"$50,000 to $100,000 USD",4-6,2,4,3,1,5,4,4,2,Convenience Stores,3,1,4,1,3,3,4,Word of Mouth,Per Unit,Increased Focus,3.50,7,Matcha
2023-04-21 01:21:42,2023-04-21 01:24:28,IP Address,107.77.225.73,100,165,True,2023-04-21 01:24:29,R_3fCtLriu6m8kxnL,,,,,40.7359,-73.9904,qr,EN,Female,20,"> $150,000 USD",1-3,2,1,4,2,3,2,2,1,Convenience Stores,1,3,5,4,1,1,3,Word of Mouth,Per Unit,Refreshment,2,3,Rooibos
2023-04-21 08:10:04,2023-04-21 08:12:59,IP Address,128.197.29.244,100,174,True,2023-04-21 08:13:00,R_2zkJKIwQDQSF10K,,,,,42.3464,-71.0975,qr,EN,Male,20,"> $150,000 USD",4-6,1,4,1,2,2,1,1,3,Restaurants/Cafes,5,1,4,3,5,0,5,Instagram,Per Unit,Refreshment,2,9,Matcha
2023-04-22 18:10:38,2023-04-22 18:12:50,IP Address,174.168.180.88,100,132,True,2023-04-22 18:12:51,R_2yeLMSkgnNwXVES,,,,,42.364,-71.0265,qr,EN,Female,18,"< $50,000 USD",1-3,5,5,1,1,1,1,1,1,Supermarkets,3,1,5,3,5,3,0,TikTok,Per Unit,Increased Focus,3,6,Matcha
2023-04-22 18:14:29,2023-04-22 18:17:02,IP Address,72.70.63.165,100,152,True,2023-04-22 18:17:02,R_4NRRoPqpooQ4zyp,,,,,42.4597,-71.0638,qr,EN,Male,31,"$50,000 to $100,000 USD",0,3,4,4,2,2,4,1,1,Convenience Stores,3,2-3,5,0,0,0,1,TikTok,Per Unit,Dining Compliments,5,6,Matcha
2023-04-22 18:17:09,2023-04-22 18:20:04,IP Address,172.58.223.221,100,174,True,2023-04-22 18:20:05,R_2SB1hl5r4Xk0iMF,,,,,42.312,-71.1081,qr,EN,Female,20,"< $50,000 USD",1-3,4,3,1,3,2,1,1,4,Supermarkets,3,2,3,3,4,3,3,In-Store Ads,Per Unit,Alcohol Subsitute,12,5,Matcha
2023-04-22 18:17:34,2023-04-22 18:20:12,IP Address,24.34.189.17,100,157,True,2023-04-22 18:20:13,R_uzjWlQwQNp0zEwp,,,,,42.415,-71.0527,qr,EN,Male,25,"$50,000 to $100,000 USD",1-3,2,2,2,2,4,4,2,2,Supermarkets,5,1,5,4,4,1,1,Web Ads,Bulk,Energy Boost,3,8,Matcha
2023-04-22 18:17:41,2023-04-22 18:32:28,IP Address,24.34.168.242,100,887,True,2023-04-22 18:32:29,R_2ziGuLxPr4eTDM3,,,,,42.0857,-70.999,qr,EN,Female,17,"< $50,000 USD",1-3,1,2,5,3,4,2,2,1,Supermarkets,1,1.5 oz,5,1,1,4,4,Word of Mouth,Per Unit,Refreshment,$1.5,7,Matcha
2023-04-22 18:38:12,2023-04-22 18:45:03,IP Address,166.198.21.13,100,411,True,2023-04-22 18:45:04,R_3dWK2EVEfLI1Htv,,,,,41.8244,-71.408,qr,EN,Female,18,"$50,000 to $100,000 USD",4-6,5,5,5,5,4,3,2,5,Convenience Stores,4,2,5,3,5,5,0,In-Store Ads,Per Unit,Increased Focus,3,8,Matcha
2023-04-22 19:16:17,2023-04-22 19:23:48,IP Address,76.19.216.15,100,450,True,2023-04-22 19:23:48,R_11bf0zljbLoBxVJ,,,,,42.2463,-70.9972,qr,EN,Female,16,"< $50,000 USD",1-3,1,3,2,3,3,1,2,1,Supermarkets,3,1,5,3,4,3,3,Word of Mouth,Per Unit,Refreshment,7,5,Matcha
2023-04-23 09:18:35,2023-04-23 09:25:03,IP Address,75.147.44.62,100,388,True,2023-04-23 09:25:04,R_3hs81k7ltHp6K3m,,,,,42.2463,-70.9972,qr,EN,Female,18,"< $50,000 USD",4-6,2,3,3,2,2,1,3,1,Online,4,0,5,3,4,3,4,TikTok,Per Unit,Dining Compliments,3,8,Matcha
2023-04-23 13:21:40,2023-04-23 13:24:19,IP Address,128.197.29.234,100,158,True,2023-04-23 13:24:20,R_1C25ScLMbh0QbpL,,,,,42.3464,-71.0975,qr,EN,Female,19,"< $50,000 USD",1-3,2,5,3,2,3,4,3,4,Convenience Stores,3,5,4,4,4,3,5,TikTok,Bulk,Refreshment,3.5,5,Matcha
2023-04-23 13:22:28,2023-04-23 13:25:01,IP Address,128.197.29.233,100,152,True,2023-04-23 13:25:01,R_1NyU72g6rGcVaOV,,,,,42.3464,-71.0975,qr,EN,Female,19,"> $150,000 USD",0,5,5,1,1,4,2,1,5,Restaurants/Cafes,3,2,5,3,3,4,4,TikTok,Per Unit,Refreshment,3,7,Matcha
2023-04-23 13:21:36,2023-04-23 13:25:55,IP Address,128.197.29.227,100,258,True,2023-04-23 13:25:55,R_1qaKXwHdyhEtb9z,,,,,42.3464,-71.0975,qr,EN,Female,18,"$100,000 to $150,000 USD",4-6,4,4,4,2,5,5,2,2,Restaurants/Cafes,4,2,4,4,1,3,1,Word of Mouth,Per Unit,Energy Boost,$2.5,2,Matcha
2023-04-23 13:24:35,2023-04-23 13:27:13,IP Address,128.197.29.247,100,158,True,2023-04-23 13:27:14,R_cvuEDSFByPVuGvn,,,,,42.3464,-71.0975,qr,EN,Male,20,"$100,000 to $150,000 USD",4-6,5,4,1,2,2,4,5,3,Restaurants/Cafes,4,4,5,4,4,4,5,Instagram,Bulk,Energy Boost,4,10,Matcha
2023-04-23 13:26:39,2023-04-23 13:28:59,IP Address,128.197.29.225,100,139,True,2023-04-23 13:28:59,R_2P26sAwncZzv5Ox,,,,,42.3464,-71.0975,qr,EN,Male,20,"$50,000 to $100,000 USD",4-6,4,3,1,3,3,2,4,5,Convenience Stores,4,0,4,4,4,1,4,Instagram,Per Unit,Refreshment,4,5,Matcha
2023-04-23 13:28:25,2023-04-23 13:30:55,IP Address,172.56.193.40,100,150,True,2023-04-23 13:30:56,R_9tx5ZXKBT8FEH9n,,,,,36.1724,-115.0677,qr,EN,Male,19,"> $150,000 USD",4-6,5,4,2,4,3,1,3,2,Convenience Stores,4,2,4,1,4,4,3,Word of Mouth,Per Unit,Refreshment,3,9,Matcha
2023-04-23 13:27:11,2023-04-23 13:30:59,IP Address,128.197.29.229,100,227,True,2023-04-23 13:30:59,R_TnmvulDy4M8gg13,,,,,42.3464,-71.0975,qr,EN,Female,20,"< $50,000 USD",4-6,2,2,1,1,1,1,1,3,Supermarkets,0,0,1,0,5,1,5,In-Store Ads,Per Unit,Dining Compliments,1,0,Matcha
2023-04-23 13:27:08,2023-04-23 13:31:06,IP Address,128.197.29.249,100,238,True,2023-04-23 13:31:06,R_1lAfwCbV3iPwIQa,,,,,42.3464,-71.0975,qr,EN,Female,21,"< $50,000 USD",1-3,1,3,3,2,4,2,3,1,Convenience Stores,1,2,3,1,3,3,4,TikTok,Bulk,Dining Compliments,1,5,Rooibos
2023-04-23 13:28:28,2023-04-23 13:31:13,IP Address,128.197.29.246,100,165,True,2023-04-23 13:31:13,R_3gUupBPlDzvyqsK,,,,,42.3464,-71.0975,qr,EN,Female,21,"$50,000 to $100,000 USD",1-3,5,4,3,3,3,4,3,3,Convenience Stores,4,2,4,3,4,5,3,Word of Mouth,Per Unit,Energy Boost,4,7,Matcha
2023-04-23 13:27:20,2023-04-23 13:31:16,IP Address,128.197.29.231,100,235,True,2023-04-23 13:31:16,R_31MKT410szyi7Td,,,,,42.3464,-71.0975,qr,EN,Female,20,"> $150,000 USD",1-3,5,4,3,1,4,5,5,5,Convenience Stores,4,2,4,3,4,5,3,TikTok,Bulk,Energy Boost,1,6,Matcha
2023-04-23 13:30:00,2023-04-23 13:33:40,IP Address,128.197.29.249,100,220,True,2023-04-23 13:33:41,R_2bVRSmd2uedXmd1,,,,,42.3464,-71.0975,qr,EN,Female,20,"$50,000 to $100,000 USD",1-3,5,2,3,1,3,5,1,4,Convenience Stores,3,3,5,1,1,4,4,Word of Mouth,Bulk,Energy Boost,$4,7,Rooibos
2023-04-23 13:30:01,2023-04-23 13:34:12,IP Address,128.197.29.225,100,251,True,2023-04-23 13:34:13,R_2bP27ShTeygUn50,,,,,42.3464,-71.0975,qr,EN,Female,20,"$100,000 to $150,000 USD",4-6,1,2,5,1,1,4,1,3,Supermarkets,4,3,5,3,4,0,3,Word of Mouth,Bulk,Energy Boost,5,2,Rooibos
2023-04-23 13:23:30,2023-04-23 13:35:04,IP Address,128.197.29.235,100,694,True,2023-04-23 13:35:04,R_s59V8q4wrOJRFtL,,,,,42.3464,-71.0975,qr,EN,Male,19,"$100,000 to $150,000 USD",4-6,2,3,1,4,5,3,1,2,Convenience Stores,4,1,4,1,5,1,5,Word of Mouth,Bulk,Refreshment,5,5,Rooibos
2023-04-23 13:34:24,2023-04-23 13:36:06,IP Address,128.197.29.251,100,102,True,2023-04-23 13:36:07,R_dnfwmYARZOLg8H7,,,,,42.3464,-71.0975,qr,EN,Male,20,"< $50,000 USD",4-6,3,3,3,3,3,3,3,3,Convenience Stores,5,0.16,3,3,3,3,3,Word of Mouth,Per Unit,Refreshment,5,5,Matcha
2023-04-23 13:34:07,2023-04-23 13:36:09,IP Address,128.197.29.249,100,122,True,2023-04-23 13:36:10,R_3PtLg21k1dGi9uE,,,,,42.3464,-71.0975,qr,EN,Male,21,"< $50,000 USD",1-3,5,2,2,2,2,1,1,5,Restaurants/Cafes,5,3,5,4,3,1,3,Instagram,Per Unit,Refreshment,5,2,Matcha
2023-04-23 13:34:42,2023-04-23 13:36:29,IP Address,128.197.29.225,100,107,True,2023-04-23 13:36:30,R_3EXf8i9JI7ovBVN,,,,,42.3464,-71.0975,qr,EN,Non-Binary,19,"> $150,000 USD",4-6,3,4,2,4,4,1,2,2,Restaurants/Cafes,4,1,5,4,3,1,5,Word of Mouth,Per Unit,Refreshment,3,9,Matcha
2023-04-23 13:35:07,2023-04-23 13:36:37,IP Address,128.197.29.224,100,89,True,2023-04-23 13:36:37,R_3lQDroR045aAk6M,,,,,42.3464,-71.0975,qr,EN,Female,23,"> $150,000 USD",4-6,4,3,3,2,2,4,4,2,Convenience Stores,3,3,4,3,3,5,1,In-Store Ads,Per Unit,Energy Boost,$5,3,Matcha
2023-04-23 13:34:41,2023-04-23 13:36:56,IP Address,128.197.29.236,100,135,True,2023-04-23 13:36:56,R_3KPE06VqIEladT4,,,,,42.3464,-71.0975,qr,EN,Female,19,"$50,000 to $100,000 USD",1-3,4,5,2,4,4,2,2,3,Convenience Stores,4,1,5,5,5,4,4,In-Store Ads,Per Unit,Refreshment,3,7,Matcha
2023-04-23 13:35:03,2023-04-23 13:37:12,IP Address,128.197.29.238,100,128,True,2023-04-23 13:37:13,R_3lyPQPa7kP0tEis,,,,,42.3464,-71.0975,qr,EN,Female,21,"> $150,000 USD",0,1,4,2,1,3,1,3,1,Convenience Stores,4,1-2,4,3,4,0,0,Word of Mouth,Per Unit,Refreshment,4,9,Matcha
2023-04-23 13:34:09,2023-04-23 13:37:58,IP Address,128.197.29.255,100,229,True,2023-04-23 13:37:59,R_3qD4xaOcxjG2EXM,,,,,42.3464,-71.0975,qr,EN,Male,21,"$50,000 to $100,000 USD",1-3,4,2,3,4,5,5,1,2,Convenience Stores,5,2,5,5,4,4,4,Word of Mouth,Bulk,Refreshment,5,8,Matcha
2023-04-23 14:00:08,2023-04-23 14:03:03,IP Address,128.197.29.228,100,175,True,2023-04-23 14:03:04,R_31QRAtBU3ck1VSG,,,,,42.3464,-71.0975,qr,EN,Male,22,"> $150,000 USD",1-3,5,5,3,3,4,1,3,4,Convenience Stores,5,1,5,3,4,3,3,Word of Mouth,Per Unit,Refreshment,3.5,7,Matcha
